,Country,Gross enrollment ratio - Lower secondary level (female),Gross enrollment ratio - Lower secondary level (male),Gross enrollment ratio - Primary (female),Gross enrollment ratio - Primary (male),Gross enrollment ratio - Upper secondary level (female),Gross enrollment ratio - Upper secondary level (male),Students enrolled in lower secondary education (thousands),Students enrolled in primary education (thousands),Students enrolled in upper secondary education (thousands),"Seats held by women in national parliament, as of February (%)",Labour force participation - Female,Labour force participation - Male,Labour force participation - Total,Unemployment rate - Female,Unemployment rate - Male,Unemployment rate - Total,"Assault rate per 100,000 population","Intentional homicide rates per 100,000","Kidnapping at the national level, rate per 100,000","Percentage of male and female intentional homicide victims, Female","Percentage of male and female intentional homicide victims, Male","Theft at the national level, rate per 100,000 population","Total Sexual Violence at the national level, rate per 100,000","Safely managed drinking water sources, rural (Proportion of population with access)","Safely managed drinking water sources, total (Proportion of population with access)","Safely managed drinking water sources, urban (Proportion of population with access)","Safely managed sanitation facilities, rural (Proportion of population with access)","Safely managed sanitation facilities, total (Proportion of population with access)","Safely managed sanitation facilities, urban (Proportion of population with access)",GDP in constant 2015 prices (millions of US dollars),GDP in current prices (millions of US dollars),GDP per capita (US dollars),GDP real rates of growth (percent),Population aged 0 to 14 years old (percentage),Population aged 60+ years old (percentage),Population density,Population mid-year estimates (millions),Population mid-year estimates for females (millions),Population mid-year estimates for males (millions),Sex ratio (males per 100 females),Surface area (thousand km2),Percentage of individuals using the internet
0,Afghanistan,13.4,39.5,73.2,126.1,5.4,20.0,461,4319,190.0,27.3,16.0,78.6,47.0,10.4,7.4,7.9,,3.5,,1.3,,,,16.6,19.3,28.1,,,,6916,3236,197,49.9,48.5,3.7,43.6,28.28,14.01,14.27,101.9,653.0,1.2
1,Albania,101.0,105.4,109.6,112.9,59.2,65.6,251,238,156.0,5.2,47.1,66.0,56.4,16.4,15.6,16.0,5.4,5.1,0.3,1.4,8.8,98.5,2.9,,62.3,,,33.6,27.0,4831,2393,729,13.3,21.7,15.2,106.9,2.93,1.48,1.45,97.9,29.0,0.1
2,Algeria,109.4,113.9,108.5,115.7,64.4,43.2,2438,4362,1216.0,3.2,13.1,70.9,42.5,17.2,14.9,15.3,99.9,0.7,0.3,0.4,2.4,142.4,10.6,61.1,75.1,81.7,52.4,62.0,66.6,81507,41971,1474,3.8,27.5,7.2,15.2,36.19,17.63,18.55,105.2,2382.0,0.5
3,Argentina,120.0,112.1,115.0,114.5,77.8,65.6,2437,4873,1448.0,28.0,49.1,74.6,61.5,13.6,10.1,11.5,363.7,5.6,0.1,1.8,11.4,777.2,26.3,,,,,45.6,45.4,377768,279701,8004,-2.8,25.7,14.5,14.8,41.29,20.88,20.41,97.7,2796.0,7.0
4,Armenia,95.3,91.0,87.1,89.5,86.2,77.8,308,180,102.0,3.1,54.3,67.7,60.4,11.0,9.3,10.1,5.9,1.9,0.7,0.7,3.3,80.8,1.7,,83.2,,,12.9,3.0,3036,1372,413,6.9,19.3,14.5,103.0,2.93,1.58,1.35,84.9,30.0,1.3
5,Australia,117.2,132.3,103.2,103.6,207.0,243.9,1408,1935,1301.0,22.4,57.0,72.1,64.4,5.2,4.9,5.0,311.8,1.3,2.8,0.9,1.6,2569.6,85.7,,,99.3,,94.6,,659436,392110,21780,3.9,19.1,18.9,2.9,22.14,11.12,11.02,99.1,7692.0,46.8
6,Austria,101.5,102.7,101.8,102.4,94.0,102.3,399,363,382.0,26.8,51.5,66.0,58.5,5.9,5.5,5.7,43.9,0.7,0.1,0.6,0.7,2151.7,20.3,,98.4,,99.3,99.7,100.0,268468,241054,30332,2.7,14.8,23.2,101.4,8.37,4.29,4.07,94.9,84.0,33.7
7,Azerbaijan,89.1,92.7,92.8,98.2,57.5,66.1,813,568,231.0,10.4,62.8,70.7,66.6,7.3,7.2,7.3,1.9,2.5,0.3,1.3,3.2,24.8,2.2,58.0,65.0,90.7,,59.7,48.7,8358,3081,391,-11.8,22.3,8.3,110.7,9.15,4.75,4.4,92.6,87.0,0.1
8,Bahrain,95.3,87.5,96.7,93.1,85.1,67.3,39,83,33.0,0.0,39.0,84.7,67.9,3.5,0.4,1.1,391.2,1.1,1.3,0.2,0.1,1070.9,13.9,,98.9,,,88.9,,12294,6787,11073,1.9,20.4,3.6,1549.5,1.21,0.46,0.75,164.3,1.0,6.2
9,Bangladesh,70.6,62.9,101.7,98.3,30.9,31.9,6233,16219,3877.0,9.1,29.0,86.7,58.1,7.0,3.3,4.3,0.4,2.5,0.9,,,8.9,,60.6,55.0,42.4,14.7,18.2,26.2,63504,37866,321,4.9,34.1,6.5,1169.3,152.2,76.49,75.71,99.0,148.0,0.1
10,Belarus,110.8,117.3,98.1,104.0,129.4,141.4,706,380,294.0,9.1,55.5,66.9,60.7,6.6,10.8,8.7,19.3,9.8,0.4,2.6,5.9,1038.7,8.2,,89.6,,62.8,79.4,85.1,19207,14324,1369,-10.4,14.8,19.0,46.8,9.49,5.08,4.41,86.9,208.0,1.9
11,Belgium,178.0,155.3,103.0,103.2,160.4,145.4,431,739,770.0,23.3,45.7,61.4,53.3,9.5,7.6,8.4,641.0,3.1,8.7,2.5,3.7,2066.9,57.5,,99.6,,,78.4,,317458,288029,28531,2.4,16.9,23.0,361.2,10.94,5.57,5.37,96.4,31.0,29.4
12,Benin,31.1,53.6,86.5,108.5,14.6,28.3,325,1318,111.0,6.0,66.7,77.1,71.8,0.7,1.0,0.9,46.0,,4.6,,,,,,,,1.1,1.9,2.9,3556,2345,388,10.1,43.9,4.7,86.9,9.8,4.92,4.88,99.2,115.0,0.2
13,Bhutan,51.9,52.8,92.7,92.8,22.3,30.7,34,99,8.0,2.0,63.9,75.0,69.9,3.3,2.9,3.1,70.8,1.7,0.1,0.6,2.5,69.3,10.1,18.6,26.3,40.9,45.6,46.2,47.3,483,289,548,6.8,29.4,7.4,18.3,0.7,0.32,0.38,116.4,38.0,0.4
14,Bosnia and Herzegovina,90.8,91.7,88.8,88.3,67.3,65.0,176,175,165.0,7.1,30.8,56.6,43.2,34.0,28.0,30.2,33.4,2.1,0.2,1.2,3.2,449.8,3.9,,88.5,,,29.2,8.0,3764,1989,530,16.0,15.6,20.4,74.4,3.81,2.0,1.82,91.0,51.0,1.1
15,Botswana,90.4,85.7,105.0,105.7,59.7,61.9,118,329,55.0,17.0,51.7,66.2,58.6,22.3,17.8,19.9,834.6,15.4,0.1,7.6,,1420.7,121.7,,,80.2,,,,6739,4731,3065,7.0,34.1,5.2,3.6,2.03,1.03,1.0,97.6,582.0,2.9
16,Brazil,107.0,108.6,106.7,111.5,99.8,85.5,15069,18661,9794.0,5.7,55.6,78.0,66.6,14.0,8.0,10.6,364.5,25.5,0.2,4.1,47.3,704.2,23.7,55.8,79.1,83.4,,39.9,42.2,1074026,781736,4781,4.2,24.7,10.0,23.2,193.7,97.86,95.84,97.9,8516.0,2.9
17,Bulgaria,122.5,130.6,110.3,111.5,73.4,74.7,312,290,373.0,10.8,44.4,55.4,49.7,9.8,10.3,10.1,46.8,2.5,2.4,1.3,3.9,551.7,13.3,,94.9,,50.1,60.6,64.6,33809,18992,2240,2.9,13.5,25.3,68.6,7.44,3.82,3.62,94.7,110.0,5.4
18,Cambodia,39.3,52.9,137.9,151.4,12.6,21.9,462,2763,168.0,8.2,68.7,78.5,73.4,1.0,1.1,1.1,,3.4,,,,,,14.6,22.0,51.1,15.4,19.5,35.5,4185,3309,303,5.9,33.3,6.1,80.1,14.5,7.43,7.07,95.0,181.0,0.0
19,Canada,96.7,98.9,98.2,98.9,100.1,102.8,844,2321,1758.0,20.6,61.7,72.8,67.1,6.5,7.0,6.8,165.9,2.1,12.1,1.1,3.0,2035.9,81.8,,98.5,,80.1,80.7,80.8,955380,605943,20688,2.7,16.6,19.9,3.8,34.2,17.25,16.94,98.2,9985.0,51.3
20,Central Asia,93.5,96.4,98.1,100.4,74.6,79.7,6472,4886,2587.0,7.0,51.9,71.6,61.4,8.2,6.8,7.4,,6.7,,3.3,10.2,,,49.3,67.4,87.0,79.6,76.9,74.1,97467,41632,768,-6.5,29.2,7.1,16.3,63.93,32.46,31.47,96.9,,1.0
21,Chile,101.2,103.4,102.9,107.7,88.4,85.5,601,1721,1029.0,10.8,40.2,71.8,55.7,12.3,7.6,9.3,130.9,3.6,0.9,1.0,6.1,959.9,76.5,,96.4,99.0,,82.4,85.9,109700,75099,5209,10.6,21.5,14.1,22.8,17.18,8.64,8.54,98.9,756.0,16.6
22,China,82.3,85.1,116.9,115.0,35.4,38.3,62791,130133,23726.0,21.8,67.2,80.6,74.0,3.9,5.0,4.5,,1.6,,,,,,,,89.7,15.3,34.0,53.4,1831413,734485,603,11.0,18.5,12.8,140.8,1351.56,660.04,691.52,104.8,9600.0,1.8
23,Colombia,98.3,92.7,122.3,125.7,74.3,64.2,3192,5298,1105.0,11.8,51.2,80.1,65.3,14.5,8.8,11.1,72.0,42.9,1.9,7.0,79.4,162.8,10.9,36.9,71.4,81.1,,16.8,15.4,150181,109580,3046,5.2,27.5,8.9,39.8,44.78,22.61,22.16,98.0,1142.0,2.2
24,Costa Rica,100.0,94.7,111.3,112.0,63.6,53.5,246,542,102.0,19.3,43.4,79.2,61.3,9.9,5.0,6.8,172.1,7.8,0.3,2.9,12.6,193.7,140.9,76.9,79.2,80.2,34.6,23.6,19.3,24537,11572,3239,4.2,24.9,10.7,89.2,4.56,2.3,2.26,98.1,51.0,5.8
25,Croatia,107.4,105.0,99.9,100.4,94.6,90.3,208,196,192.0,0.0,42.6,57.4,49.6,13.9,11.6,12.6,26.0,1.5,0.5,1.2,1.9,686.2,14.0,72.0,85.4,96.6,,78.2,88.6,33422,22644,4710,8.0,15.3,23.9,76.9,4.3,2.23,2.07,92.8,57.0,6.6
26,Cuba,97.7,99.7,101.4,104.9,89.9,83.8,490,895,448.0,27.6,39.0,67.9,53.4,2.2,1.8,2.0,,6.1,,3.0,9.2,,,,,,54.5,42.4,38.7,36619,30428,2785,2.5,17.7,17.5,105.8,11.3,5.68,5.62,98.9,110.0,0.5
27,Cyprus,95.1,94.4,99.8,99.9,95.6,91.1,32,61,32.0,5.4,53.1,73.5,63.3,6.8,4.5,5.5,12.7,1.9,1.5,0.4,3.5,115.8,10.8,,97.7,,,76.3,86.2,12657,9827,15102,9.9,17.0,15.9,122.1,1.13,0.56,0.57,102.6,9.0,15.3
28,Czechia,99.5,98.7,106.0,107.5,94.2,92.1,495,503,481.0,15.0,50.6,68.7,59.4,9.8,6.5,7.9,210.9,1.1,0.1,0.9,1.3,1499.2,18.0,96.4,97.4,97.7,,86.1,,115863,60146,5833,6.5,14.4,22.5,135.5,10.46,5.33,5.13,96.3,79.0,9.8
29,Côte d’Ivoire,43.7,58.9,60.1,75.3,21.8,31.9,1179,2046,408.0,8.5,50.9,78.8,65.0,6.3,6.1,6.2,50.0,,,,,,3.5,14.8,24.6,35.5,8.4,13.0,18.1,18367,11105,777,7.1,44.0,3.5,70.7,22.49,11.09,11.4,102.8,322.0,0.2
30,Denmark,119.1,116.6,98.2,98.2,129.9,123.9,234,414,231.0,37.4,60.4,71.1,65.7,5.3,4.4,4.8,204.5,0.9,,0.6,1.2,3092.5,36.2,,96.8,,,95.6,,226659,185008,35339,3.0,18.0,23.2,130.9,5.55,2.8,2.75,98.3,43.0,39.2
31,Dominican Republic,85.7,75.9,105.5,111.0,72.4,58.2,316,1290,492.0,16.1,39.5,73.3,56.6,9.8,4.9,6.6,41.6,26.1,0.2,4.7,46.9,7.8,82.3,34.3,43.6,47.0,53.9,48.4,46.5,24871,15747,2001,5.5,30.9,7.5,203.3,9.82,4.92,4.9,99.8,49.0,3.7
32,Eastern Asia,98.8,98.4,108.5,107.0,51.0,51.0,73935,127969,42426.0,18.2,64.6,79.5,72.1,3.9,4.9,4.5,,1.6,,,,,,,,91.4,17.6,41.4,54.6,6641899,7283959,5054,5.5,18.0,14.4,134.6,1587.09,779.26,807.83,103.7,11560.0,5.7
33,Ecuador,67.5,69.5,109.2,109.4,54.2,50.5,605,1998,448.0,17.4,51.9,82.3,67.0,4.7,3.2,3.8,56.3,14.6,7.2,2.8,26.3,43.3,24.4,47.9,63.1,72.1,50.7,41.0,35.3,50574,24421,2112,2.3,31.3,8.6,60.7,15.08,7.55,7.53,99.8,257.0,1.5
34,Egypt,86.2,91.1,89.4,91.5,69.0,71.2,4636,7928,3694.0,15.1,20.5,71.3,46.0,24.6,7.2,11.1,0.2,0.7,0.0,0.2,1.1,44.2,0.2,,,,52.9,59.2,67.6,133364,65758,1025,4.6,33.9,6.4,89.6,89.2,44.09,45.1,102.3,1002.0,0.6
35,El Salvador,81.8,82.9,115.3,118.7,51.5,50.0,338,1045,187.0,16.7,45.2,78.6,60.6,4.8,8.9,7.2,76.7,64.3,0.1,12.7,120.4,177.5,36.5,,,82.0,,,18.1,15981,8922,1552,4.7,32.0,9.5,292.9,6.07,3.18,2.89,91.1,21.0,1.2
36,Estonia,108.5,112.6,102.1,105.0,103.9,93.1,64,86,61.0,17.8,53.3,64.0,58.2,6.9,9.1,8.0,9.7,10.3,0.1,4.4,17.1,2247.9,29.7,,95.1,,,90.6,95.7,10250,4476,3081,4.6,15.2,23.3,30.6,1.33,0.71,0.62,87.2,45.0,28.6
37,Eswatini,56.6,57.4,102.8,113.9,33.0,37.4,51,222,20.0,3.1,46.3,58.8,52.1,30.4,24.5,27.2,1368.7,13.7,9.0,,,1956.4,,,,80.3,,,,2217,1902,1994,4.8,38.8,4.8,64.0,1.11,0.58,0.53,92.7,17.0,0.9
38,Ethiopia,23.6,38.4,70.2,82.5,5.0,7.2,2290,10020,199.0,2.0,74.5,89.6,82.0,3.3,1.8,2.5,,8.6,,,,,,1.6,7.7,36.9,2.5,4.6,14.3,13323,7587,132,6.1,45.7,4.4,90.5,90.54,45.12,45.42,100.7,1104.0,0.0
39,Fiji,93.7,90.1,100.2,101.8,66.5,60.8,68,113,34.0,11.3,34.8,78.0,56.7,5.2,3.3,3.9,,2.6,,2.1,3.1,,,27.1,40.3,52.4,50.7,46.5,42.6,2996,1970,2487,2.5,30.8,7.4,49.8,0.91,0.45,0.46,101.9,18.0,1.5
40,Finland,100.5,100.6,99.4,100.1,127.8,117.6,199,382,232.0,37.0,56.8,64.9,60.7,8.6,8.2,8.4,580.8,2.3,0.0,1.3,3.3,2384.3,36.6,,97.8,,,88.1,,152727,134186,26270,4.2,16.6,24.7,17.7,5.36,2.73,2.63,96.4,337.0,37.2
41,France,105.4,106.6,104.1,105.1,108.9,106.5,3352,4015,2684.0,10.9,50.4,62.1,56.0,9.8,8.0,8.9,245.7,1.6,3.3,1.2,2.0,1380.0,39.4,98.4,98.2,98.2,,88.8,,1770422,1600997,27029,2.1,18.5,23.0,115.0,63.42,32.71,30.71,93.9,552.0,14.3
42,Georgia,100.1,103.4,102.1,104.1,72.4,74.7,213,338,103.0,7.2,56.0,73.7,64.1,12.7,14.8,13.8,9.3,10.2,2.2,3.4,17.9,410.4,4.1,39.4,66.1,87.6,48.3,34.2,22.9,4807,2844,583,2.6,18.6,18.2,56.1,3.9,2.09,1.8,86.1,70.0,0.5
43,Germany,103.3,103.6,103.4,103.5,95.2,100.2,5431,3306,2837.0,30.9,51.2,66.2,58.4,10.9,11.4,11.2,608.7,1.3,2.1,1.1,1.5,2751.4,68.0,99.8,99.9,99.9,91.0,96.4,98.0,2582288,2585619,31873,1.5,13.7,26.0,231.9,80.83,41.45,39.38,95.0,358.0,30.2
44,Ghana,58.6,67.8,84.9,90.2,14.7,20.6,1010,2930,360.0,9.0,70.2,75.7,72.9,6.1,5.5,5.8,155.1,1.7,0.4,0.6,3.1,,5.6,6.1,24.9,43.1,7.9,8.8,9.7,16399,13714,786,4.0,39.1,5.0,112.0,25.48,12.75,12.72,99.8,239.0,0.2
45,Greece,104.6,108.7,102.1,103.5,103.6,105.8,335,650,381.0,6.3,41.8,63.7,52.6,15.7,6.3,10.1,70.0,1.2,0.2,0.8,1.6,554.8,5.7,,99.4,,,84.1,90.9,168366,136886,12760,2.0,14.6,24.9,85.0,11.12,5.68,5.45,95.9,132.0,9.1
46,Guatemala,49.1,55.6,106.5,114.3,28.5,27.3,508,2345,247.0,7.1,42.0,84.3,62.7,3.5,2.8,3.1,46.4,40.6,0.4,7.8,73.9,32.8,2.4,42.5,51.7,61.5,,,,30508,12858,1241,5.0,39.3,5.8,135.3,14.5,7.3,7.2,98.6,109.0,0.7
47,Guinea-Bissau,15.5,27.5,61.5,90.0,7.2,13.1,20,150,6.0,7.8,48.5,65.7,56.7,2.8,3.7,3.3,190.1,3.5,3.5,,,57.2,,8.2,20.7,39.4,3.8,7.1,12.0,676,800,716,4.0,43.2,4.5,55.7,1.57,0.8,0.77,96.0,36.0,0.2
48,Guyana,100.8,100.0,103.1,104.1,60.2,58.0,53,117,18.0,18.5,35.8,77.2,56.3,14.0,9.7,11.1,1495.1,18.7,0.3,7.4,30.1,522.2,31.5,,,,54.7,50.5,39.1,1522,991,1319,5.0,32.2,7.2,3.8,0.75,0.38,0.37,99.1,215.0,0.6
49,Honduras,67.1,55.7,102.5,101.9,76.1,54.2,336,1232,251.0,9.4,41.3,81.9,61.7,6.5,4.1,4.9,14.3,42.5,0.5,9.2,136.9,53.0,16.0,41.5,54.0,65.6,58.6,48.7,39.5,10138,4724,813,4.1,38.1,4.9,76.7,8.37,4.15,4.22,101.7,112.0,1.2
50,Hungary,99.8,101.4,100.2,101.7,94.2,94.3,489,431,472.0,8.3,43.0,58.3,50.2,7.4,7.0,7.2,122.5,1.6,0.1,1.4,1.8,1253.3,8.5,81.0,87.0,89.7,69.2,74.7,77.3,79281,46439,4497,1.5,14.7,22.5,110.2,9.98,5.24,4.74,90.5,93.0,7.0
51,Iceland,99.1,99.3,98.3,100.0,118.3,114.9,14,31,20.0,34.9,70.9,80.9,75.9,2.5,2.6,2.6,17.9,1.0,,0.0,2.0,1070.9,97.0,,95.5,,,,,9144,7124,26612,0.1,20.9,17.0,3.2,0.32,0.16,0.16,101.2,103.0,44.5
52,India,62.7,73.9,104.2,108.0,33.0,44.4,46845,125569,34205.0,9.0,30.1,77.8,54.6,9.0,8.6,8.7,23.5,3.9,2.0,2.7,5.0,23.7,5.4,43.8,,,23.8,25.6,29.7,608291,371783,386,7.6,31.3,7.5,418.2,1243.48,600.38,643.1,107.1,3287.0,0.5
53,Indonesia,77.1,74.1,110.1,111.8,48.9,50.2,9682,29150,6311.0,8.0,46.0,82.8,64.4,10.0,6.8,7.9,13.1,0.6,0.2,,,10.0,1.9,20.8,26.8,32.9,,,,380896,236456,1188,8.2,27.9,8.6,128.9,246.31,122.66,123.64,100.8,1911.0,0.9
54,Iran (Islamic Republic of),88.1,98.7,107.0,111.0,66.9,66.5,4424,6207,4642.0,4.9,18.7,71.4,45.4,17.6,10.3,11.8,,3.0,,0.6,4.2,159.0,,84.1,92.4,95.9,,,80.9,205321,114364,1881,2.4,23.4,7.8,47.5,77.42,37.88,39.54,104.4,1631.0,0.9
55,Iraq,44.2,68.8,86.1,103.7,26.7,37.9,1131,4335,576.0,6.4,11.5,73.7,41.8,7.4,8.8,8.6,,8.6,,3.1,14.2,,,37.8,55.0,62.7,32.8,34.3,34.9,32111,4863,232,-18.3,41.2,4.6,71.5,31.05,15.58,15.46,99.2,435.0,0.9
56,Ireland,103.9,100.0,102.9,103.3,130.2,113.0,175,454,142.0,12.0,54.6,75.9,65.1,4.0,4.6,4.3,302.8,1.3,1.8,0.4,2.1,1428.7,43.7,,92.1,,68.5,69.5,70.1,101702,69142,19316,9.6,21.1,16.1,66.7,4.56,2.29,2.26,98.7,70.0,17.9
57,Israel,90.9,89.7,95.7,95.3,103.1,104.6,317,722,356.0,11.7,55.3,68.7,61.8,11.6,11.1,11.3,761.3,2.5,6.2,1.4,3.6,1866.1,68.5,99.5,99.6,99.7,85.7,87.4,87.5,143883,105307,19221,8.8,28.0,14.2,339.0,7.34,3.71,3.63,97.9,22.0,20.9
58,Italy,103.8,107.0,103.5,104.4,95.8,95.1,1792,2771,2715.0,11.1,38.1,61.1,49.1,10.0,6.2,7.7,97.3,1.0,0.6,0.5,1.7,1885.5,6.9,,95.4,,78.1,79.0,79.4,1662885,1174699,20650,2.9,14.0,26.7,203.3,60.16,31.02,29.15,94.0,302.0,23.1
59,Japan,101.6,101.7,102.3,102.6,103.0,102.5,3551,6638,3670.0,4.6,48.3,73.3,60.4,4.2,4.6,4.5,47.2,0.5,0.2,0.5,0.5,722.5,8.5,,98.1,,,97.9,,3785636,5545565,44211,2.6,13.4,31.2,340.2,128.19,65.48,62.71,95.8,378.0,30.0
60,Jordan,87.4,87.1,90.9,90.9,75.3,72.1,449,805,176.0,0.0,11.5,63.2,38.3,26.1,12.9,14.8,258.5,1.7,0.5,1.1,2.2,124.5,8.8,,64.0,,,79.4,83.8,15697,6942,1557,6.2,36.0,5.3,82.2,7.3,3.52,3.78,107.2,89.0,2.6
61,Kazakhstan,88.9,89.6,96.8,99.4,97.1,96.0,1443,1208,551.0,10.4,64.6,75.0,69.5,9.5,6.7,8.1,9.6,13.5,0.6,3.9,13.2,403.3,2.1,,77.9,,,,86.9,57792,20554,1251,-8.2,25.4,9.6,6.2,16.84,8.79,8.05,91.6,2725.0,0.7
62,Kenya,84.4,86.1,101.3,106.4,25.9,29.0,1522,6076,947.0,3.6,70.8,75.5,73.1,2.9,2.6,2.8,35.5,3.0,0.4,2.6,7.1,34.0,7.2,,,,28.9,27.8,24.1,31539,14710,547,4.4,43.6,3.3,71.6,41.6,20.87,20.73,99.3,592.0,0.3
63,Kiribati,103.9,98.7,107.2,106.1,73.3,59.7,7,16,5.0,4.9,20.4,32.8,26.4,18.2,12.3,14.7,,4.4,,,,,,5.8,11.8,18.4,19.6,22.1,24.9,126,70,854,-0.5,36.6,5.5,149.7,0.11,0.06,0.05,95.0,1.0,1.8
64,Kuwait,106.7,103.0,110.7,109.7,124.1,105.5,138,203,107.0,0.0,46.1,82.2,68.3,3.2,0.9,1.5,26.6,1.8,12.5,1.7,1.9,438.0,16.6,,100.0,100.0,,100.0,100.0,54453,26554,16043,1.4,23.0,3.2,165.2,2.94,1.27,1.68,132.2,18.0,6.7
65,Kyrgyzstan,85.6,86.6,96.2,97.7,71.0,74.4,539,434,183.0,1.4,62.8,82.2,72.1,2.5,2.3,2.4,5.1,,0.5,,,237.5,,41.2,57.6,87.6,93.5,89.2,81.5,2678,1492,325,-5.4,30.3,6.5,28.6,5.49,2.78,2.71,97.4,200.0,1.0
66,Latin America & the Caribbean,102.3,98.0,114.5,118.2,73.9,65.1,36809,69082,21638.0,15.2,50.1,78.3,63.9,10.5,6.7,8.2,,20.4,,3.7,37.4,,,45.1,73.8,81.6,,37.0,27.9,3179449,1993319,4133,1.1,27.6,9.9,29.1,588.91,297.74,291.17,97.8,20139.0,5.2
67,Latvia,103.2,107.2,103.5,106.1,101.4,97.1,162,84,110.0,17.0,50.7,65.6,57.4,10.0,10.1,10.0,49.3,9.2,0.3,2.7,4.1,1087.6,32.3,,93.7,,,72.7,,12345,5408,2104,0.2,14.2,23.8,33.7,2.1,1.14,0.96,84.3,65.0,6.3
68,Lebanon,,,,,,,218,476,160.0,2.3,20.6,68.0,43.8,9.7,7.8,8.2,190.1,3.3,11.2,1.0,2.8,574.8,4.2,,45.7,,,21.8,,24111,11506,2906,6.5,26.4,8.8,492.8,5.04,2.53,2.51,99.0,10.0,8.0
69,Lesotho,52.5,40.6,123.7,125.5,26.1,22.8,70,422,25.0,3.8,63.1,76.9,69.8,18.0,14.2,16.0,499.1,37.7,2.0,,,249.0,,5.0,18.4,59.1,28.6,28.6,28.4,1079,893,462,4.6,36.5,6.2,65.8,2.0,1.03,0.97,94.5,30.0,0.2
70,Liechtenstein,96.0,97.0,106.7,104.9,104.6,136.4,2,2,2.0,4.0,52.8,73.7,63.0,3.1,2.3,2.6,204.1,2.9,0.0,0.0,5.6,416.9,20.4,,100.0,,,96.2,,3677,2695,87253,1.9,16.1,20.0,225.0,0.04,0.02,0.02,98.1,0.0,36.5
71,Lithuania,105.0,107.7,102.4,103.2,101.9,96.9,318,158,106.0,17.5,50.6,62.3,55.9,8.5,8.1,8.3,12.1,11.0,2.1,5.5,17.5,818.7,16.5,,82.5,96.9,72.8,84.5,90.3,17906,6699,1788,3.3,14.9,22.8,49.5,3.1,1.67,1.43,85.6,65.0,6.4
72,Luxembourg,106.4,102.2,99.8,99.9,89.1,82.0,18,35,18.0,16.7,46.4,65.1,55.6,5.8,3.5,4.5,488.1,0.4,5.3,0.4,0.4,1423.5,41.6,100.0,99.8,99.8,85.9,92.5,93.3,30592,20853,51157,1.4,17.7,19.0,195.9,0.51,0.26,0.25,98.9,3.0,22.9
73,Madagascar,26.9,26.9,131.4,134.3,10.0,11.0,496,3598,126.0,8.0,84.2,89.0,86.6,3.5,1.8,2.6,15.9,,0.0,,,0.3,3.2,6.7,13.7,28.4,5.4,7.2,11.2,6387,3668,264,1.7,44.0,4.2,38.1,22.18,11.06,11.13,100.6,587.0,0.2
74,Malawi,32.9,42.1,134.4,137.8,10.6,17.2,442,2868,74.0,8.3,78.2,83.7,80.8,5.8,4.0,4.9,,1.6,,,,,,5.1,11.1,43.7,20.0,20.9,26.0,2779,2474,245,9.0,46.2,5.1,156.8,14.83,7.63,7.2,94.3,118.0,0.1
75,Malaysia,89.3,86.8,97.1,96.6,75.0,60.2,1423,3202,1066.0,7.3,43.6,77.2,60.8,3.7,3.4,3.5,16.4,2.3,,,,132.4,9.6,,93.3,,,78.6,,117335,88833,4411,9.8,27.9,7.7,87.2,28.66,13.77,14.89,108.2,331.0,21.4
76,Malta,101.5,99.7,102.0,103.7,93.8,115.6,28,30,12.0,9.2,29.4,67.5,48.2,8.4,6.3,6.9,43.0,1.0,0.0,1.0,1.0,2343.2,21.7,,100.0,,,93.3,,5220,3720,9743,6.3,15.2,22.4,1341.7,0.42,0.21,0.21,98.8,0.0,13.1
77,Mexico,109.0,101.6,107.6,109.4,56.6,53.7,7016,14700,3548.0,18.2,41.2,80.8,60.2,3.9,3.4,3.6,226.8,9.4,0.3,2.4,16.7,80.4,27.1,,41.3,,,34.2,35.5,724232,380157,4225,-5.9,29.8,8.8,58.0,113.62,58.11,55.51,95.5,1964.0,5.1
78,Monaco,152.8,138.4,133.5,132.9,179.9,144.4,2,2,1.0,22.2,35.1,57.3,45.7,5.2,2.5,3.6,482.3,3.1,0.0,0.0,0.0,1008.1,16.3,,100.0,100.0,,100.0,100.0,3417,3064,97328,2.1,13.2,34.3,22257.4,0.03,0.02,0.02,95.2,0.0,42.2
79,Mongolia,99.9,93.0,98.0,97.9,91.1,74.1,235,251,104.0,7.9,55.8,64.4,60.1,6.8,7.2,7.0,116.9,15.6,0.0,4.9,12.8,261.1,13.2,5.1,28.7,40.0,35.9,53.5,62.0,3373,1721,739,6.4,27.9,5.6,1.7,2.7,1.36,1.34,98.3,1564.0,1.3
80,Montenegro,97.4,101.1,105.3,109.7,83.7,82.1,36,38,32.0,11.1,42.5,56.4,49.2,35.4,26.1,30.3,24.5,4.3,0.3,2.2,2.6,243.3,5.5,,84.3,87.0,35.3,33.1,31.8,1794,1215,1922,14.3,19.2,18.3,45.8,0.63,0.33,0.3,92.6,14.0,27.1
81,Morocco,58.6,68.6,101.2,110.8,32.7,37.0,1265,4023,683.0,0.6,25.6,76.2,50.6,11.6,10.8,11.0,107.2,1.5,1.0,0.3,2.4,204.0,3.1,21.4,53.5,76.8,,55.1,33.2,40338,38728,1456,-6.6,29.2,7.8,72.7,32.47,16.12,16.35,101.4,447.0,0.7
82,Mozambique,15.8,22.7,93.8,112.0,3.3,5.3,269,3943,37.0,30.0,83.4,80.2,81.9,2.5,3.7,3.0,6.3,5.4,,,,27.5,3.9,,,,9.6,,,3385,3062,196,2.1,45.8,4.5,29.2,23.0,11.94,11.06,92.6,799.0,0.1
83,Myanmar,50.5,50.8,106.8,102.4,35.0,33.7,1938,4948,651.0,6.2,56.4,81.4,68.7,0.8,0.6,0.7,5.4,1.4,0.0,0.6,2.6,3.5,0.5,33.1,43.2,67.9,61.1,61.0,60.8,9497,8297,193,6.9,28.2,8.0,75.0,49.02,24.53,24.5,99.9,677.0,0.1
84,Nepal,64.7,75.7,108.9,121.8,21.6,27.3,1445,4030,609.0,5.9,21.8,60.0,40.6,12.3,10.1,10.7,4.0,3.3,0.5,,,2.0,,27.6,29.4,37.9,26.7,27.0,28.5,8969,4534,203,3.5,36.0,7.4,185.8,27.34,13.94,13.41,96.2,147.0,0.2
85,Netherlands (Kingdom of the),125.5,130.9,106.5,109.3,107.2,105.8,783,1278,627.0,36.0,55.6,71.5,63.4,6.9,5.0,5.9,412.4,1.1,5.6,0.7,1.5,4661.5,44.8,,100.0,,97.4,97.5,97.5,520709,452287,29281,3.1,17.6,21.7,498.1,16.77,8.49,8.29,97.7,42.0,44.0
86,New Zealand,102.4,103.7,99.4,100.2,149.9,133.9,260,353,266.0,29.2,60.8,75.0,67.7,4.2,3.5,3.8,234.3,1.5,7.0,1.3,1.7,3089.9,59.6,,89.3,,,86.3,,100997,63152,17189,4.6,20.9,18.3,16.4,4.35,2.22,2.13,95.7,268.0,47.4
87,Nicaragua,76.9,73.5,111.2,116.7,59.8,48.0,301,945,137.0,9.7,40.0,85.1,61.9,5.8,5.2,5.4,354.5,13.4,0.2,2.6,24.5,266.0,61.9,31.9,51.7,66.6,,,,5733,4118,872,5.9,34.2,6.4,47.7,5.74,2.92,2.82,96.5,130.0,1.0
88,Niger,10.2,15.1,39.3,55.1,2.9,4.7,152,1064,30.0,1.2,68.7,89.7,79.2,2.7,3.4,3.1,,4.4,,,,,,,,,3.5,5.4,15.2,3881,2432,248,3.3,49.4,3.9,13.1,16.55,8.16,8.39,102.8,1267.0,0.0
89,Nigeria,35.0,41.2,90.8,108.5,28.2,35.4,3624,22115,2773.0,4.7,56.9,63.6,60.2,3.6,3.8,3.7,11.2,21.7,0.5,,,12.7,1.1,13.9,21.2,30.7,24.1,24.7,25.6,155089,50504,467,-0.1,44.4,4.8,183.0,166.64,82.75,83.89,101.4,924.0,0.1
90,North Macedonia,92.7,93.6,91.6,90.8,69.2,74.7,118,110,96.0,7.5,42.8,64.5,53.6,38.1,36.8,37.3,11.8,2.4,1.2,1.2,3.5,233.8,5.9,74.5,80.3,84.7,17.2,12.7,9.4,5748,4707,2373,-1.1,19.3,16.7,82.3,2.05,1.04,1.01,96.4,26.0,2.5
91,Northern Africa,81.8,86.8,89.3,95.7,55.0,51.1,10029,23023,6858.0,5.4,21.7,71.4,46.6,19.6,10.6,12.6,,5.3,,1.9,8.6,,,57.5,67.7,78.1,36.4,45.4,44.1,354910,207392,1281,2.0,33.2,6.5,27.4,210.94,104.39,106.55,102.1,7769.0,0.6
92,Northern America,99.8,101.4,101.0,102.1,92.7,88.6,14006,26759,13028.0,16.3,58.5,71.9,65.0,5.2,5.3,5.3,,5.4,,2.3,8.5,,,,95.6,96.5,,95.5,88.0,12070353,8249570,27958,2.7,19.4,18.4,18.5,345.39,173.22,172.16,99.4,18652.0,51.3
93,Norway,98.8,98.3,99.4,99.1,126.8,124.7,186,430,217.0,36.4,60.9,70.5,65.6,4.2,4.6,4.4,64.0,0.7,,0.7,0.7,2997.2,42.4,,99.5,,,77.2,,254492,152031,34875,4.2,18.8,20.9,16.1,4.89,2.45,2.44,99.9,324.0,52.0
94,Oceania,102.7,104.4,89.5,91.1,113.0,117.9,1891,3143,1674.0,11.3,57.6,71.0,64.2,4.6,4.5,4.5,,3.1,,2.2,3.9,,,,,96.8,29.3,72.8,82.9,786977,474346,16565,3.8,24.2,14.9,4.4,37.25,18.55,18.7,100.8,8486.0,33.6
95,Oman,94.5,101.3,97.9,96.1,77.5,76.6,168,312,134.0,2.4,25.0,76.9,56.0,8.5,3.8,4.6,78.6,2.1,0.3,0.3,0.4,208.0,6.9,,86.1,,,,,35587,14416,6635,7.7,27.9,4.1,8.9,2.76,1.15,1.61,139.5,310.0,3.5
96,Pakistan,28.8,38.9,63.4,82.4,19.8,26.1,4550,17258,2302.0,21.3,18.3,80.6,50.4,0.3,0.6,0.6,18.3,5.6,9.6,,,25.3,1.8,32.4,38.5,49.8,19.6,,,123848,77266,580,5.0,39.3,5.6,258.5,199.24,97.0,102.23,105.4,796.0,6.3
97,Panama,82.5,80.6,107.0,110.4,57.4,49.9,155,430,101.0,9.7,47.1,79.6,63.3,8.0,4.9,6.1,167.2,11.0,0.5,2.2,19.8,422.8,23.7,,,,,,12.2,16806,9188,3383,1.8,29.2,9.2,48.9,3.63,1.81,1.82,100.6,75.0,6.6
98,Papua New Guinea,63.1,75.2,53.4,59.6,16.8,23.4,243,532,136.0,1.8,60.1,62.0,61.1,1.5,3.2,2.4,,9.3,,,,,,,,,,,29.8,10937,7316,1585,-3.3,37.5,4.4,16.9,7.63,3.67,3.97,108.3,463.0,0.8
99,Paraguay,82.6,81.1,115.0,117.2,57.5,54.1,321,934,208.0,2.5,55.7,84.9,70.3,6.3,3.9,4.8,40.8,16.2,0.0,2.5,23.0,540.5,58.9,40.4,58.1,70.2,44.8,48.9,51.7,17720,10440,2268,5.4,32.5,7.4,14.2,5.74,2.85,2.89,101.6,407.0,0.7
100,Peru,89.5,92.5,112.9,114.6,68.3,72.1,1640,4077,829.0,10.8,64.4,82.0,73.1,5.0,4.7,4.9,52.2,7.3,1.8,2.6,11.9,186.3,18.0,18.0,48.5,57.9,,29.7,32.3,76918,53371,2183,7.4,29.3,10.2,22.7,29.09,14.54,14.55,100.1,1285.0,3.1
101,Philippines,88.3,80.4,106.1,105.8,85.3,69.8,4917,13084,1435.0,12.4,47.3,75.8,61.6,4.2,3.5,3.8,1.1,8.1,0.1,2.6,15.5,12.9,2.3,32.4,45.2,60.7,52.3,51.0,49.4,119492,84644,1222,4.6,35.6,5.3,321.1,96.34,48.04,48.29,100.5,300.0,2.0
102,Poland,99.5,101.8,99.4,100.5,101.8,101.1,1652,2724,1793.0,13.0,47.8,63.1,55.2,19.2,16.6,17.8,28.5,1.9,0.1,1.0,2.7,722.9,8.0,,93.2,,,92.8,,217230,142294,3705,7.0,15.1,19.4,124.4,38.1,19.74,18.36,93.0,313.0,7.3
103,Portugal,106.5,103.5,112.2,116.6,95.9,80.4,363,753,306.0,18.7,55.3,69.1,61.9,8.6,6.7,7.6,372.7,1.3,4.2,0.6,2.0,872.5,15.4,89.6,94.1,97.0,63.4,69.5,73.6,158239,118120,11752,4.3,15.2,24.3,115.0,10.58,5.52,5.06,91.7,92.0,16.4
104,Qatar,97.5,83.1,99.4,93.2,108.0,77.9,29,70,26.0,0.0,47.4,95.1,82.2,3.8,0.3,0.9,38.3,0.6,0.8,0.4,0.8,94.4,,,97.0,,,89.3,,20365,8138,15798,2.4,13.9,1.8,147.5,1.71,0.42,1.29,307.5,12.0,4.9
105,Republic of Korea,98.4,97.5,100.5,100.2,96.6,96.2,2021,4032,1775.0,3.7,50.7,74.7,62.6,3.1,3.7,3.5,598.9,0.9,0.5,0.8,0.7,394.2,37.3,,97.8,,,93.5,,604638,566581,12482,9.6,16.4,15.4,492.9,48.77,24.01,24.76,103.1,100.0,44.7
106,Republic of Moldova,92.4,92.4,97.2,98.6,84.8,73.2,280,184,114.0,8.9,55.0,54.6,54.8,4.6,6.8,5.6,9.9,7.4,0.4,4.7,10.3,287.6,9.8,,62.4,,,,76.4,4479,2121,475,-1.4,17.5,15.3,110.5,3.63,1.95,1.69,86.6,34.0,1.3
107,Romania,80.4,82.2,101.3,103.0,82.8,78.9,1026,970,1063.0,7.3,46.9,61.6,53.9,6.4,7.8,7.2,42.2,2.1,1.3,1.4,2.7,204.8,7.3,66.7,81.9,95.0,,59.5,,103671,37430,1661,7.6,15.7,21.6,88.8,20.43,10.58,9.85,93.0,238.0,3.6
108,Russian Federation,82.2,81.8,96.3,96.7,92.4,96.6,7730,5309,4703.0,7.7,55.0,67.8,60.8,6.9,7.3,7.1,40.2,24.8,0.8,11.5,40.2,1093.9,12.9,,75.3,,,58.2,62.4,723170,402295,2708,-4.1,15.2,17.9,8.8,143.93,77.36,66.58,86.1,17098.0,2.0
109,Rwanda,20.0,22.8,135.3,133.2,10.5,12.0,142,1858,76.0,17.1,54.3,69.2,61.3,12.7,11.2,11.9,19.4,2.8,0.1,,,,15.6,,,37.0,43.8,,,1392,1230,216,33.5,42.4,4.2,426.2,10.32,5.34,4.98,93.2,26.0,0.1
110,Samoa,94.6,91.6,98.7,100.2,79.7,67.4,9,31,15.0,8.2,41.1,66.7,54.4,6.3,4.6,5.2,13.4,8.2,,1.0,11.2,,,54.9,61.0,85.5,50.7,49.2,42.9,446,202,1152,6.0,38.4,7.0,68.2,0.19,0.09,0.1,104.7,3.0,0.6
111,San Marino,95.7,92.7,90.9,93.7,23.7,19.1,1,1,0.0,13.3,53.8,79.2,66.2,7.3,2.1,4.4,0.6,0.0,,0.0,0.0,,,,100.0,,,90.2,,1332,1020,40976,9.3,15.4,22.7,502.0,0.03,0.02,0.01,92.7,0.0,48.8
112,Sao Tome and Principe,71.2,61.4,124.5,126.4,26.5,26.9,5,30,3.0,9.1,37.3,72.3,54.6,26.0,11.4,16.5,0.6,3.3,0.0,0.0,0.0,8.8,0.0,21.0,30.9,36.2,18.6,23.1,25.5,141,99,741,2.0,42.1,5.1,189.4,0.18,0.09,0.09,99.2,1.0,4.6
113,Saudi Arabia,86.9,100.0,91.1,93.5,88.4,99.3,1382,3098,1228.0,0.0,18.2,76.0,53.1,14.5,4.7,6.1,1.3,1.2,0.2,,,,0.1,,,,,79.5,82.4,337870,143152,7579,0.2,27.6,3.8,11.7,25.16,9.78,15.37,157.1,2207.0,2.2
114,Senegal,25.6,33.0,80.7,83.5,10.1,15.3,312,1444,94.0,12.1,33.5,67.8,50.0,11.9,6.9,8.7,2.5,,0.0,,,20.0,1.8,9.7,23.0,40.0,19.4,19.6,19.9,8306,6306,730,4.7,42.7,5.4,65.6,12.64,6.37,6.26,98.2,197.0,0.4
115,Serbia,98.6,99.3,104.4,104.0,83.7,77.8,335,325,298.0,21.6,44.9,63.4,53.7,26.1,16.7,20.9,20.6,1.9,0.3,1.1,2.7,214.1,6.8,66.5,74.7,81.5,30.6,28.3,26.3,21208,21907,2164,5.7,14.5,23.9,96.4,7.4,3.88,3.52,90.8,88.0,26.3
116,Sierra Leone,20.4,30.5,61.4,84.6,21.1,26.3,84,554,71.0,8.8,65.0,65.5,65.2,2.6,5.0,3.8,326.2,1.7,,,,172.5,10.2,4.5,7.2,11.4,4.8,8.3,13.9,2512,1179,273,-10.0,43.2,5.1,86.7,6.22,3.13,3.09,98.6,72.0,0.1
117,Singapore,102.8,104.7,102.5,103.4,113.6,115.7,100,264,115.0,4.3,54.2,78.0,66.2,6.1,5.3,5.6,12.9,0.5,0.0,0.1,0.6,391.6,30.6,,100.0,100.0,,100.0,100.0,107074,87813,24779,7.2,14.1,11.4,7433.4,5.08,2.43,2.64,108.5,1.0,36.0
118,Slovakia,97.5,98.5,102.6,103.3,93.8,91.0,360,242,303.0,12.7,51.3,68.3,59.5,17.3,15.5,16.3,72.5,1.7,0.3,1.2,2.3,351.4,10.4,,97.9,,76.5,83.3,88.9,40425,20042,3746,5.8,15.5,17.9,110.0,5.39,2.77,2.62,94.8,49.0,9.4
119,Slovenia,95.7,96.2,97.7,98.7,100.7,100.3,81,93,100.0,7.8,52.9,66.0,59.3,7.1,6.1,6.6,114.9,1.0,0.1,1.0,1.0,1470.9,15.5,,91.8,,,64.3,,26407,21354,10724,4.1,14.1,22.1,101.5,2.04,1.03,1.01,98.1,20.0,15.1
120,South Africa,86.2,82.5,96.2,99.1,77.4,70.6,1983,7314,2674.0,30.0,52.4,68.8,60.0,21.9,17.6,19.6,327.4,37.8,9.0,10.2,52.8,,92.9,,,87.0,,62.7,69.3,193065,171736,3904,3.1,29.4,7.6,42.9,52.34,27.16,25.18,92.7,1221.0,5.3
121,South-eastern Asia,80.1,78.8,107.7,109.3,43.1,43.0,28336,68228,11889.0,12.3,53.9,80.1,66.8,4.9,4.1,4.4,,2.8,,1.0,4.6,,,30.5,38.3,48.1,38.0,40.1,42.7,1018089,706465,1459,7.8,27.9,8.4,135.7,603.75,302.37,301.38,99.7,4341.0,2.6
122,Southern Asia,61.8,70.2,97.1,102.9,32.9,41.2,70160,181483,50559.0,6.8,28.1,78.2,53.8,8.6,7.4,7.7,,3.9,,2.6,5.2,,,50.2,,61.5,23.4,26.9,34.2,1047287,625199,469,6.2,32.4,7.2,273.4,1749.91,850.89,899.02,105.7,,0.6
123,Spain,114.7,114.2,103.6,105.0,133.7,113.8,1983,2485,1125.0,21.6,46.1,67.9,56.8,12.0,7.1,9.2,395.6,1.2,0.5,0.6,1.8,310.5,21.4,98.6,99.6,99.9,,90.4,,794233,614612,15437,2.8,14.9,22.1,93.2,46.84,23.66,23.18,98.0,506.0,13.6
124,Sri Lanka,98.3,98.8,97.8,98.4,93.7,88.9,1340,1611,1239.0,4.9,35.1,74.7,54.4,11.9,5.6,7.7,108.6,6.2,4.5,1.6,5.9,135.0,4.3,37.0,46.3,88.1,,,,28520,15293,841,5.5,25.4,11.6,333.0,20.88,10.71,10.17,94.9,66.0,0.6
125,Sub-Saharan Africa,33.1,42.0,87.3,99.1,20.7,26.8,20727,113432,11200.0,11.5,64.7,75.0,69.8,6.1,5.3,5.7,,14.6,,5.3,24.1,,,9.2,22.8,46.5,16.7,20.3,26.6,629707,397273,708,3.3,43.9,4.6,39.4,861.28,433.52,427.75,98.7,21879.0,0.9
126,Suriname,92.5,77.7,104.5,111.0,59.4,34.7,32,66,13.0,15.7,36.9,62.8,50.0,14.8,6.0,9.3,53.9,9.0,,3.8,12.3,2663.1,60.8,35.6,53.7,62.9,38.3,28.5,23.6,2507,844,1943,0.0,30.3,8.5,3.5,0.55,0.27,0.28,102.3,164.0,2.5
127,Sweden,101.3,101.6,100.0,100.5,101.3,101.6,387,658,349.0,42.7,58.8,67.1,62.9,7.4,7.6,7.5,802.6,0.9,,0.7,1.2,4914.2,129.4,,99.5,,91.4,95.2,95.9,305837,267307,30520,3.9,16.6,24.9,23.0,9.38,4.71,4.67,99.2,439.0,45.7
128,Switzerland,112.6,109.9,103.7,104.2,74.5,86.0,297,524,278.0,22.5,59.3,75.1,67.0,5.1,3.9,4.4,109.0,1.2,3.3,1.3,1.0,1917.2,31.9,,96.7,,95.5,98.7,99.8,473591,352845,50132,0.5,15.2,22.7,195.7,7.83,3.97,3.85,97.0,41.0,47.1
129,Tajikistan,84.0,98.1,93.8,102.0,39.2,66.7,802,693,182.0,2.8,30.5,58.7,44.3,11.7,13.7,13.0,72.0,2.3,1.9,0.6,4.2,51.3,2.6,,47.4,,57.4,,,2842,1218,206,-12.4,36.8,4.6,53.5,7.65,3.95,3.7,93.8,141.0,0.0
130,Thailand,96.6,94.0,103.3,105.4,70.1,61.5,2753,5975,1780.0,5.6,66.3,81.5,73.7,1.2,1.5,1.4,42.9,7.3,0.0,1.9,12.9,92.5,2.8,,,,20.0,22.6,25.9,213636,169279,2849,8.1,20.1,12.6,134.2,68.58,34.72,33.86,97.5,513.0,3.7
131,Tonga,109.2,102.6,106.6,108.3,92.6,86.3,10,17,4.0,0.0,43.8,70.1,56.9,3.7,1.9,2.6,,3.8,,0.0,7.5,,,23.1,29.4,50.2,39.4,37.0,29.3,338,209,2089,2.9,37.6,8.3,165.2,0.11,0.05,0.05,100.0,1.0,2.4
132,"Total, all countries or areas",76.6,80.7,99.8,104.5,48.3,51.2,311138,680726,198301.0,13.3,49.8,76.1,62.9,6.5,6.2,6.4,,6.3,,2.6,10.1,,,51.3,65.9,79.7,28.4,42.2,41.8,40338168,31290901,5450,3.0,27.3,11.0,53.8,7021.73,3488.59,3533.14,101.3,130094.0,5.3
133,Tunisia,102.8,102.9,105.7,108.8,72.8,60.1,650,1184,589.0,11.5,23.7,68.0,45.5,15.2,12.1,12.9,,2.5,,1.9,7.4,,,56.6,74.5,83.4,41.7,66.7,79.2,19938,19795,2130,2.3,24.2,9.4,69.3,10.77,5.39,5.38,99.9,164.0,2.8
134,Turkmenistan,111.8,110.7,110.9,109.7,40.9,41.1,788,623,82.0,26.0,52.7,51.6,52.2,4.3,10.8,7.5,1.8,4.3,2.6,1.1,2.9,34.0,,72.7,81.8,91.5,,,,10152,2190,518,-7.2,30.3,5.5,11.8,5.56,2.83,2.73,96.3,488.0,0.1
135,Türkiye,91.3,101.9,102.7,106.4,64.7,81.1,3620,6678,2725.0,4.2,23.1,69.9,46.4,11.2,10.5,10.6,153.9,4.8,12.7,1.8,7.8,151.0,4.4,,,,58.7,55.5,54.2,337255,233253,3933,7.2,25.9,10.4,95.3,73.35,36.54,36.81,100.8,784.0,3.8
136,Uganda,20.3,25.1,124.6,128.6,8.6,12.7,609,7377,124.0,17.9,64.5,75.6,69.9,2.1,1.7,1.9,125.6,9.8,0.5,3.7,16.1,197.0,50.5,3.5,8.4,28.8,14.5,15.8,21.4,7334,7148,346,9.4,49.5,3.0,162.1,32.39,16.41,15.98,97.3,242.0,0.2
137,Ukraine,89.9,98.8,108.9,109.5,94.1,98.7,2698,1946,1345.0,7.8,52.7,60.1,56.0,6.8,7.5,7.2,14.3,6.5,0.4,3.8,9.6,397.9,4.1,71.1,84.6,90.8,,51.4,46.1,76792,50376,987,-12.2,14.1,19.9,80.2,46.46,24.86,21.59,86.8,604.0,0.7
138,United Arab Emirates,94.8,96.1,101.3,98.1,131.6,138.9,178,263,318.0,0.0,37.5,91.7,77.0,7.1,2.5,3.1,16.7,0.8,12.7,0.8,0.8,276.4,4.2,,,,98.5,98.4,98.4,141280,66603,27364,8.2,16.9,3.1,97.7,6.94,2.31,4.63,200.3,71.0,23.6
139,United Kingdom,100.5,101.1,105.8,105.8,111.0,107.7,2347,4635,3414.0,18.4,55.4,69.6,62.3,4.3,5.1,4.8,1010.6,1.8,5.2,1.0,1.8,3368.8,88.0,,99.9,,93.6,97.9,98.9,1915168,1344308,23206,0.7,17.8,22.3,259.6,63.01,32.23,30.78,95.5,242.0,26.8
140,United Rep. of Tanzania,38.5,51.1,103.4,108.6,7.3,11.1,1669,7541,157.0,22.2,86.6,89.4,88.0,4.1,2.2,3.2,4.5,7.6,0.0,2.4,15.1,0.3,0.0,2.1,7.8,22.3,13.3,16.6,25.2,14882,7198,242,3.6,45.3,4.5,50.5,44.76,22.69,22.07,97.3,947.0,0.1
141,United States of America,100.0,101.6,101.3,102.4,91.7,86.6,12549,24786,11868.0,13.3,58.2,71.8,64.8,5.1,5.1,5.1,290.5,5.6,15.5,2.6,8.8,2285.2,,,95.6,96.5,,97.1,97.0,11108567,7639749,28758,2.7,19.7,18.3,34.0,311.06,155.91,155.16,99.5,9834.0,43.1
142,Uruguay,114.1,104.8,109.5,112.5,105.4,86.9,173,366,150.0,12.1,49.9,70.2,59.5,15.3,9.4,12.0,15.5,6.0,0.1,2.4,10.1,2918.4,50.0,,,94.2,,,,30066,21312,6643,-1.5,22.3,18.6,19.2,3.32,1.71,1.61,93.9,174.0,10.5
143,Uzbekistan,98.0,97.7,97.6,98.0,72.0,75.9,3143,2383,1373.0,6.8,45.8,74.1,59.7,8.9,5.9,7.1,4.8,3.4,0.1,1.4,3.3,,,46.5,66.9,86.5,83.3,73.9,64.8,24003,16177,703,-0.9,28.9,6.8,66.7,28.39,14.11,14.27,101.2,449.0,0.5
144,Vanuatu,43.6,42.7,112.9,114.4,25.8,44.4,9,39,5.0,0.0,60.8,78.5,69.6,10.8,6.1,8.1,,0.3,,0.6,0.0,,,,,55.4,,,37.8,450,273,1598,4.7,38.2,5.1,19.5,0.24,0.12,0.12,105.3,12.0,2.1
145,Venezuela (Boliv. Rep. of),88.9,81.3,102.6,103.4,63.4,50.7,1408,3449,620.0,12.1,49.4,79.5,64.3,11.6,10.0,10.7,13.4,37.4,1.0,4.2,70.5,,,,,,,25.1,,242075,74892,3388,4.0,29.9,8.5,31.4,28.81,14.45,14.36,99.4,930.0,3.4
146,Viet Nam,92.6,97.4,101.0,106.5,71.8,95.3,6671,7773,3454.0,26.0,68.6,76.5,72.4,2.2,1.9,2.1,,1.3,,,,,,41.1,51.3,74.5,36.8,37.8,40.2,51708,20736,281,9.5,24.6,8.6,279.0,87.46,44.91,42.54,94.7,331.0,0.3
147,Western Asia,76.8,88.5,93.2,102.2,56.5,66.9,12427,24242,7394.0,5.2,16.7,74.9,48.2,13.1,7.0,8.0,,5.2,,2.3,7.8,,,,71.6,75.5,45.9,53.9,49.5,1231965,667401,3921,4.2,31.0,7.2,49.1,235.14,112.62,122.52,108.8,4805.0,3.5
148,Yemen,32.0,61.9,70.9,95.1,23.0,50.4,853,3220,602.0,0.7,14.3,69.1,41.7,14.5,11.8,12.2,0.1,3.1,0.5,,,,0.0,,,,,20.4,64.3,21498,5935,369,16.7,43.5,4.1,50.7,26.75,13.2,13.56,102.7,528.0,0.1
149,Zambia,42.9,51.1,109.8,118.2,,,264,2573,,10.1,51.8,67.4,59.2,14.8,16.9,15.9,,8.1,,,,,,,,50.8,17.4,,,6624,3807,438,2.9,46.3,2.9,18.8,13.97,7.09,6.88,97.0,753.0,0.2
150,Zimbabwe,59.6,67.6,106.9,112.2,25.2,33.2,387,2362,372.0,14.0,60.9,71.1,65.5,4.9,4.4,4.7,756.7,11.0,0.4,2.3,11.5,904.0,,15.2,28.2,54.4,31.7,26.3,15.6,10458,11063,1006,0.2,43.0,4.8,34.5,13.36,7.03,6.33,90.0,391.0,0.4
